cliente,keywords
Office Depot de México S.A. de C.V.,"office depot;office depot de mexico;office depot mexico;office"
Volkswagen de México S.A. de C.V.,"volkswagen;volkswagen de mexico;vwm"
Audi México S.A. de C.V.,"audi;audi mexico;san jose chiapa"
Caterpillar Crédito S.A. de C.V. SOFOM ENR,"caterpillar;caterpillar credito;caterpillar crédito"
Costco de México S.A. de C.V.,"costco;costco de mexico;costco mexico"
Nueva Wal Mart de México S. de R.L. de C.V.,"nueva wal mart;nueva wal mart de mexico;nueva walmart;nueva walmart de mexico;wal mart;nueva mart;walmart;walmart de mexico;wal mart de mexico"
Laboratorios Silanes S.A. de C.V.,"laboratorios silanes;silanes;laboratorios silanes sa de cv"
Sistemas Integrados de Soporte Terrestre en México,"sistemas integrados de soporte terrestre;sistemas integrados de soporte terrestre en mexico;aeromexico"
Comercial Ariete,"comercial ariete;ariete"
CarControl,"carcontrol;car control"
Algorenta,"algorenta"
Driven,"driven"
British Royal Motors,"british royal motors;brm"
Autozone de México,"autozone;autozone de mexico"
Controladora Mabe,"controladora mabe;mabe"
Montepio Luz Saviñon,"montepio luz saviñon;montepio luz savinon;montepio;montepío"
Manufacturera Lee de México,"manufacturera lee de mexico;manufacturera lee;lee de mexico;lee de izamal"
Alquiladora de Vehículos Automotores AVASA,"alquiladora de vehiculos automotores avasa;avasa"
Innova Sports,"innova sports;innovasport;innova sport"
Panasonic,"panasonic"
Instituto Bioclon,"instituto bioclon;bioclon"
Grupo Silanes,"grupo silanes;silanes;laboratorios silanes"
BPI Brake Manufacturing Juarez S.A. de C.V.,"bpi brake manufacturing juarez;bpi brake manufacturing;bpi brake"
BPI Distribution Mexico,"bpi distribution mexico;bpi distribution"
BPI Braking Systems Mexico,"bpi braking systems mexico;bpi braking systems"
Subensambles Internacionales,"subensambles internacionales"
FRAM Group Operations Mexico City,"fram group operations mexico city;fram group operations"
FRAM Group Operations Mexicali,"fram group operations mexicali;fram group operations"
FRAM Group Services Mexico,"fram group services mexico;fram group services"
Hopkins Manufacturing de México S. de R.L. de C.V.,"hopkins manufacturing de mexico;hopkins manufacturing;hopkins"
Likom de México,"likom de mexico;likom"
Scientific Atlanta,"scientific atlanta"
Eaton Industries,"eaton industries;eaton"
Eaton Bussmann,"eaton bussmann;eaton bussman;bussmann;bussman"
Eaton Technologies,"eaton technologies;eaton"
Joi Canadian Stores,"joi canadian stores;joi"
Canmex Dollar Stores,"canmex dollar stores;canmex"
Pesorama Consulting Services,"pesorama consulting services;pesorama"
KTB Internacional S. de R.L. de C.V.,"ktb internacional;ktb"
KTB Comercializadora de México S. de R.L. de C.V.,"ktb comercializadora de mexico;ktb comercializadora;ktb"
Luibimex S.A. de C.V.,"luibimex"
Geodis México S.A. de C.V.,"geodis mexico;geodis"
DiDi Mobility México S.A. de C.V.,"didi mobility mexico;didi mobility;didi"
DiDi Pay S.A. de C.V.,"didi pay;didi"
DiDi Technology Services México S.A. de C.V.,"didi technology services mexico;didi technology services;didi"
Regigold S.A. de C.V. SOFOM E.N.R.,"regigold"
Rebuilding Technologies PTE. LTD.,"rebuilding technologies"
DiDi Mobility Information Technology PTE. LTD.,"didi mobility information technology;didi mobility information;didi"
DiDi Global Procurement Management HK Limited,"didi global procurement management;didi global procurement;didi"
COLLEDI S.A. de C.V.,"colledi"
DAS Payments México S.A. de C.V.,"das payments mexico;das payments"
JP Sofiexpress S.A. de C.V. Sociedad Financiera Popular,"jp sofiexpress;sofiexpress"
Auto Eléctricos de México,"auto electricos de mexico;auto eléctricos de mexico;auto electricos;aemsa"
Trico Componentes,"trico componentes;trico"
Talleres Mecánicos Montserrat,"talleres mecanicos montserrat;talleres mecánicos montserrat;montserrat"
AEMSA,"aemsa;auto electricos de mexico;auto eléctricos de mexico;auto electricos"
Tridonex,"tridonex"
Cequent Electrical Products de México,"cequent electrical products de mexico;cequent electrical products;cequent"
IBI Latin America,"ibi latin america;ibi"
Walbro Los Mochis,"walbro los mochis;walbro"
Petco,"petco"
Gigante,"grupo gigante;gigante"
